	IV_420454	IV_420764	IV_421865	IV_421925	IV_421956	IV_425126	X_14147803	X_14149254	X_14149299	X_14150397	X_14151123
IV_420454	1	NA	NA	NA	NA	NA	NA	NA	NA	NA	NA
IV_420764	3.02780663361105e-07	1	NA	NA	NA	NA	NA	NA	NA	NA	NA
IV_421865	0.155095709470368	0.000252550498357624	1	NA	NA	NA	NA	NA	NA	NA	NA
IV_421925	6.23309277400118e-05	0.000268060941035589	0.0259260339126978	1	NA	NA	NA	NA	NA	NA	NA
IV_421956	3.02780663361105e-07	0.00102589685620062	0.000252550498357624	0.000268060941035589	1	NA	NA	NA	NA	NA	NA
IV_425126	0.0049162731652257	0.0001611918562983	0.738462046743824	0.0351229124656281	0.0001611918562983	1	NA	NA	NA	NA	NA
X_14147803	3.26501345624224e-07	0.00102164680296022	0.00820672997991982	0.000270615879286896	0.00102164680296022	0.000161531781073005	1	NA	NA	NA	NA
X_14149254	0.00791290019214967	0.000559263490980069	0.00296380205788921	0.00197901303601279	0.000559263490980069	0.0143986289132574	0.000560982781369572	1	NA	NA	NA
X_14149299	0.007726946814872	0.000306555448233588	0.000692190111211668	0.00117613643936358	0.000306555448233588	0.00075085160461365	0.000307389522777397	0.0936058886687341	1	NA	NA
X_14150397	3.1451785902654e-07	0.00102377181829317	0.00819225992413045	0.000269335469358691	0.00102377181829317	0.0111249597229555	0.00102616150317548	0.000560121517023873	0.000306971687714475	1	NA
X_14151123	0.000348987768947247	4.54770059651072e-05	0.000603699781741271	0.162922326632266	0.114825786033343	0.00171411518484966	4.60404448238766e-05	0.00566761272186932	0.00346291852719242	4.57579891645785e-05	1
