	III_2995992	III_2997070	III_2997182	III_2999982	III_3005783	III_3005885	III_3005900	III_3005943	III_3007199	III_3008718	III_3008844	III_3010466	III_3013429	III_3019596	III_3023143	III_3028637	III_3028693	X_14147803	X_14149254	X_14149299	X_14149302	X_14151123	X_14151475
III_2995992	1	NA	NA	NA	NA	NA	NA	NA	NA	NA	NA	NA	NA	NA	NA	NA	NA	NA	NA	NA	NA	NA	NA
III_2997070	0.00239753120262624	1	NA	NA	NA	NA	NA	NA	NA	NA	NA	NA	NA	NA	NA	NA	NA	NA	NA	NA	NA	NA	NA
III_2997182	0.00515970949149904	9.64435804371915e-05	1	NA	NA	NA	NA	NA	NA	NA	NA	NA	NA	NA	NA	NA	NA	NA	NA	NA	NA	NA	NA
III_2999982	0.00752087362338581	0.000166387099271342	2.45356324852124e-05	1	NA	NA	NA	NA	NA	NA	NA	NA	NA	NA	NA	NA	NA	NA	NA	NA	NA	NA	NA
III_3005783	0.00441090138254987	0.000756633389286304	0.00175937247091547	0.0012394514946012	1	NA	NA	NA	NA	NA	NA	NA	NA	NA	NA	NA	NA	NA	NA	NA	NA	NA	NA
III_3005885	0.00752087362338581	0.000166387099271342	2.45356324852124e-05	0.973716242060334	0.0012394514946012	1	NA	NA	NA	NA	NA	NA	NA	NA	NA	NA	NA	NA	NA	NA	NA	NA	NA
III_3005900	0.0048630114645268	0.000310148799494628	9.62636483840524e-05	0.000166076675578342	0.0139762109606514	0.000166076675578342	1	NA	NA	NA	NA	NA	NA	NA	NA	NA	NA	NA	NA	NA	NA	NA	NA
III_3005943	0.00752087362338581	0.000166387099271342	2.45356324852124e-05	0.973716242060334	0.0012394514946012	0.973716242060334	0.000166076675578342	1	NA	NA	NA	NA	NA	NA	NA	NA	NA	NA	NA	NA	NA	NA	NA
III_3007199	0.00514089711928913	9.71896654166268e-05	4.81212448663961e-08	2.48670955082519e-05	0.0017531505038433	2.48670955082519e-05	9.70083414142159e-05	2.48670955082519e-05	1	NA	NA	NA	NA	NA	NA	NA	NA	NA	NA	NA	NA	NA	NA
III_3008718	0.00752087362338581	0.000166387099271342	2.45356324852124e-05	0.973716242060334	0.0012394514946012	0.973716242060334	0.000166076675578342	0.973716242060334	2.48670955082519e-05	1	NA	NA	NA	NA	NA	NA	NA	NA	NA	NA	NA	NA	NA
III_3008844	0.00752087362338581	0.000166387099271342	2.45356324852124e-05	0.973716242060334	0.0012394514946012	0.973716242060334	0.000166076675578342	0.973716242060334	2.48670955082519e-05	0.973716242060334	1	NA	NA	NA	NA	NA	NA	NA	NA	NA	NA	NA	NA
III_3010466	0.00916650406269359	1.99339336602373e-05	1.65083496159361e-05	9.11308095641185e-09	0.00317105854514389	9.11308095641185e-09	1.98967434854678e-05	9.11308095641185e-09	0.559408876197347	9.11308095641185e-09	9.11308095641185e-09	1	NA	NA	NA	NA	NA	NA	NA	NA	NA	NA	NA
III_3013429	0.00231996064989696	0.000454832819812972	6.25770134690877e-05	0.309881626227679	0.000326362630934164	0.309881626227679	0.000455886234642385	0.309881626227679	0.00017579115742585	0.309881626227679	0.309881626227679	6.28442906579466e-05	1	NA	NA	NA	NA	NA	NA	NA	NA	NA	NA
III_3019596	0.000698985179058425	0.00143098488814985	0.00315875863375335	1.78412808101462e-05	0.527221936684536	1.78412808101462e-05	0.00793077209231242	1.78412808101462e-05	0.0165719564223508	1.78412808101462e-05	1.78412808101462e-05	0.0293930736446774	0.0038116407244805	1	NA	NA	NA	NA	NA	NA	NA	NA	NA
III_3023143	0.00495719242026437	0.00143954371558183	0.0165429850533144	0.00228365493088582	0.455592591085391	0.00228365493088582	0.00143685799969453	0.00228365493088582	0.0164820061337628	0.00228365493088582	0.00228365493088582	0.0292339144272548	0.000655647473260238	0.904386018057328	1	NA	NA	NA	NA	NA	NA	NA	NA
III_3028637	0.0432664774665548	9.89928781594613e-06	0.000129029169987831	5.5030026299668e-05	0.00770714620609201	5.5030026299668e-05	9.88081899535963e-06	5.5030026299668e-05	0.000128779882319197	5.5030026299668e-05	5.5030026299668e-05	0.000284098779515306	8.9957306370185e-07	0.0135506675645363	0.0136246985169083	1	NA	NA	NA	NA	NA	NA	NA
III_3028693	0.00533393831545432	0.000760864130756968	0.00176817609202922	0.00124593334912823	0.720391127848966	0.00124593334912823	0.000759444608125036	0.00124593334912823	0.0017619215560104	0.00124593334912823	0.00124593334912823	0.00318658645242444	0.000328392181442706	0.574445573683012	0.556774866312325	0.00774392205500901	1	NA	NA	NA	NA	NA	NA
X_14147803	0.00232794438643115	0.000459005625968851	0.000176512928700487	0.310987343531005	0.000327265369404142	0.310987343531005	0.000460068134712029	0.310987343531005	0.000177538478531226	0.310987343531005	0.310987343531005	6.3573540503398e-05	0.00102164680296022	0.000653553819197271	0.000657707331348355	9.42524109119689e-07	0.000329301966298033	1	NA	NA	NA	NA	NA
X_14149254	0.00592532936268169	0.00124012384455395	0.00182217343830009	0.00197901303601279	0.0435183219150313	0.00197901303601279	0.00123781018066473	0.00197901303601279	0.00275326660056957	0.00197901303601279	0.00197901303601279	0.00494129209032546	0.000559263490980069	0.0391495070709063	0.0314943349725514	0.000168254678093643	0.0439444183152269	0.000560982781369572	1	NA	NA	NA	NA
X_14149299	0.00987919517846044	0.000715317501838769	0.00167336990981395	0.00117613643936358	0.0498426475044856	0.00117613643936358	0.000713982954260671	0.00117613643936358	0.00166746608600252	0.00117613643936358	0.00117613643936358	0.0030193620539066	0.000306555448233588	0.0649540546561019	0.0654805214031821	0.000928321762580532	0.0556314960049455	0.000307389522777397	0.0936058886687341	1	NA	NA	NA
X_14149302	0.00375299029064014	0.000165860086126261	2.45815793627393e-05	5.78273709616335e-05	0.021485616993268	5.78273709616335e-05	0.000165550645667185	5.78273709616335e-05	2.49136631028547e-05	5.78273709616335e-05	5.78273709616335e-05	9.13014665173217e-09	0.000267368835745947	0.0122313309226385	0.0121646121070139	5.5133078783352e-05	0.021384300855994	0.000269917747690661	0.0139335577731542	0.00117833894205881	1	NA	NA
X_14151123	0.0208650595528825	1.03967663669007e-05	2.65326361716783e-05	1.15943808730285e-06	0.0590408425738258	1.15943808730285e-06	1.03773694147637e-05	1.15943808730285e-06	2.65829883564003e-05	1.15943808730285e-06	1.15943808730285e-06	8.79575346808687e-05	4.54770059651072e-05	0.0337168824835467	0.0335343069305485	0.000325319365826527	0.0425082953227338	4.60404448238766e-05	0.00566761272186932	0.00346291852719242	1.16160931965424e-06	1	NA
X_14151475	0.00232794438643115	0.000459005625968851	0.000176512928700487	0.000270615879286896	0.000327265369404142	0.000270615879286896	0.000460068134712029	0.000270615879286896	0.000177538478531226	0.000270615879286896	0.000270615879286896	6.3573540503398e-05	0.00102164680296022	0.000653553819197271	0.000657707331348355	9.42524109119689e-07	0.000329301966298033	0.00103069640695235	0.000560982781369572	0.000307389522777397	0.000269917747690661	4.60404448238766e-05	1
