SNP1	SNP2	Freq
IV_421865	IV_420454	16
X_14149254	IV_420454	16
X_14149254	IV_420764	1
IV_420454	IV_421865	16
IV_421925	IV_421865	3
IV_425126	IV_421865	42
X_14147803	IV_421865	1
X_14149254	IV_421865	62
X_14149299	IV_421865	16
X_14150397	IV_421865	1
X_14151123	IV_421865	2
IV_421865	IV_421925	3
IV_425126	IV_421925	3
X_14149254	IV_421925	3
X_14151123	IV_421925	2
X_14149254	IV_421956	1
X_14151123	IV_421956	1
IV_421865	IV_425126	42
IV_421925	IV_425126	3
X_14149254	IV_425126	42
X_14149299	IV_425126	16
X_14150397	IV_425126	1
X_14151123	IV_425126	2
IV_421865	X_14147803	1
X_14149254	X_14147803	1
IV_420454	X_14149254	16
IV_420764	X_14149254	1
IV_421865	X_14149254	62
IV_421925	X_14149254	3
IV_421956	X_14149254	1
IV_425126	X_14149254	42
X_14147803	X_14149254	1
X_14149299	X_14149254	16
X_14150397	X_14149254	1
X_14151123	X_14149254	3
IV_421865	X_14149299	16
IV_425126	X_14149299	16
X_14149254	X_14149299	16
IV_421865	X_14150397	1
IV_425126	X_14150397	1
X_14149254	X_14150397	1
IV_421865	X_14151123	2
IV_421925	X_14151123	2
IV_421956	X_14151123	1
IV_425126	X_14151123	2
X_14149254	X_14151123	3
