	I_10763105	I_10771784	III_2995992	III_2999982	III_3005783	III_3005885	III_3005900	III_3005943	III_3008718	III_3008844	III_3013429	III_3019596	III_3023078	III_3023143	III_3028693
I_10763105	1	NA	NA	NA	NA	NA	NA	NA	NA	NA	NA	NA	NA	NA	NA
I_10771784	0.0333440754999447	1	NA	NA	NA	NA	NA	NA	NA	NA	NA	NA	NA	NA	NA
III_2995992	0.0102402189718903	0.0201046059987366	1	NA	NA	NA	NA	NA	NA	NA	NA	NA	NA	NA	NA
III_2999982	2.48670955082519e-05	0.024625742035542	0.00752087362338581	1	NA	NA	NA	NA	NA	NA	NA	NA	NA	NA	NA
III_3005783	0.0290484579140428	0.643565347598178	0.00441090138254987	0.0012394514946012	1	NA	NA	NA	NA	NA	NA	NA	NA	NA	NA
III_3005885	2.48670955082519e-05	0.024625742035542	0.00752087362338581	0.973716242060334	0.0012394514946012	1	NA	NA	NA	NA	NA	NA	NA	NA	NA
III_3005900	9.70083414142159e-05	0.0160576834637005	0.0048630114645268	0.000166076675578342	0.0139762109606514	0.000166076675578342	1	NA	NA	NA	NA	NA	NA	NA	NA
III_3005943	2.48670955082519e-05	0.024625742035542	0.00752087362338581	0.973716242060334	0.0012394514946012	0.973716242060334	0.000166076675578342	1	NA	NA	NA	NA	NA	NA	NA
III_3008718	2.48670955082519e-05	0.024625742035542	0.00752087362338581	0.973716242060334	0.0012394514946012	0.973716242060334	0.000166076675578342	0.973716242060334	1	NA	NA	NA	NA	NA	NA
III_3008844	2.48670955082519e-05	0.024625742035542	0.00752087362338581	0.973716242060334	0.0012394514946012	0.973716242060334	0.000166076675578342	0.973716242060334	0.973716242060334	1	NA	NA	NA	NA	NA
III_3013429	0.00017579115742585	0.00776395003441778	0.00231996064989696	0.309881626227679	0.000326362630934164	0.309881626227679	0.000455886234642385	0.309881626227679	0.309881626227679	0.309881626227679	1	NA	NA	NA	NA
III_3019596	0.0165719564223508	0.469664669784155	0.000698985179058425	1.78412808101462e-05	0.527221936684536	1.78412808101462e-05	0.00793077209231242	1.78412808101462e-05	1.78412808101462e-05	1.78412808101462e-05	0.0038116407244805	1	NA	NA	NA
III_3023078	2.48670955082519e-05	0.00897988846639136	0.00752087362338581	5.80935223939779e-05	0.0012394514946012	5.80935223939779e-05	0.000166076675578342	5.80935223939779e-05	5.80935223939779e-05	5.80935223939779e-05	0.000268060941035589	0.0122084686218484	1	NA	NA
III_3023143	0.0164820061337628	0.385527645574378	0.00495719242026437	0.00228365493088582	0.455592591085391	0.00228365493088582	0.00143685799969453	0.00228365493088582	0.00228365493088582	0.00228365493088582	0.000655647473260238	0.904386018057328	0.0121418745142911	1	NA
III_3028693	0.013792139625269	0.661114993124121	0.00533393831545432	0.00124593334912823	0.720391127848966	0.00124593334912823	0.000759444608125036	0.00124593334912823	0.00124593334912823	0.00124593334912823	0.000328392181442706	0.574445573683012	0.0213443302001886	0.556774866312325	1
